,Salary,EngagementSurvey,EmpSatisfaction,SpecialProjectsCount,DaysLateLast30,Absences,age,tenure_years,salary_vs_dept_mean,engagement_x_satisfaction,Department_enc,Position_enc,MaritalDesc_enc,CitizenDesc_enc,RecruitmentSource_enc,PerformanceScore_enc
EMP_0001,-0.024359069392785464,-0.00589481185446627,-0.011113555100422981,0.005837695774115511,-0.006681483898976573,-0.04248007167613246,-0.0197035347309935,-0.20086719357426966,-0.01565434746195479,0.000682555729481185,0.003422468107108876,0.011909984414282662,-0.06359514229937983,-0.0036674607870270204,-0.09772690749753696,-0.002428402859476099
EMP_0002,-0.028570527436581294,0.01329963761866197,-0.013891820720879295,0.010441822805635036,-0.003697622885897385,0.014484818224866117,-0.0376951180803828,-0.27346737627222406,-0.005446440009505757,-0.0015233684634062647,0.0065149953538381385,0.015969307321849084,0.022751737328162047,-0.004132343757137125,-0.04680274295484878,-0.0005542351805838754
EMP_0003,-0.010703734363662171,-0.010201957123587223,-0.01433584880416781,0.006630962878437997,-0.005984686153688741,0.0028814264027777303,-0.007216715697958663,-0.21609619212978656,-0.015035937167602455,0.002560346392612522,0.0038489085079017986,0.01211488907401656,-0.06664956189893631,-0.003027527018506937,-0.12624609837111123,-0.004857551635171613
EMP_0004,-0.04629226212645182,-0.019266988463325193,0.001564132576914253,-0.006243142041535138,-0.003552543004216099,0.0033160478740349394,-0.019286341609673466,-0.10266616858653378,-0.03226527936090103,-0.018257988407089257,0.0021289924512283057,0.010756299723347316,-0.05175408779367304,-0.005256116162237097,-0.14762624049097814,-0.0026175916873441315
EMP_0005,-0.04067448723375403,-0.040339152584591316,-0.003532249979294395,0.010557439559537094,-0.00850586867974624,0.01155220600080326,-0.019920414310224774,-0.17999889979119768,-0.03580221605435251,-0.0010454913570279764,0.00567195240677013,0.015542589562775117,-0.10734241917115633,-0.002881837802927864,0.01075364718053542,-0.0013540748545815518
EMP_0006,0.022419909851892197,-0.010408188299508589,-0.001986689549807309,0.011818570602705308,-0.010977066694188964,-0.044202005014442554,-0.012864320133955862,-0.2969429648161784,-0.01798454008336356,-0.016012033896740305,0.004532500630552506,0.01284339777236636,-0.07913543437528718,-0.0038145454768566678,0.07391523877948483,-0.00352110640510539
EMP_0007,0.03287488583243782,-0.013010165244469702,-0.020316373389095865,-0.12764505748317315,-0.0016797041468112428,0.0027593889002866787,-0.04628860871889207,-0.06457663579172979,-0.03382489751756205,-0.02583934953430002,-0.03978968216103988,-0.09820329060440298,0.0609891174119616,-0.003558113656536176,-0.027745165224487164,-0.0014656257806193538
EMP_0008,-0.07953954616251539,-0.011601566650610835,-0.003529775488896115,-0.07229904825112461,-0.0026435129099960106,-0.002897081540440794,-0.08293860103437238,-0.08889947084510666,-0.021469350800557067,0.005095976370245923,-0.036928199537671895,-0.10897204500170071,0.033977018231135594,-0.0036914094759908744,0.07286443075204925,-0.01384709476288133
EMP_0009,-0.03217276661249018,0.0012861651335612896,-0.002863913884898444,0.010629348402049642,-0.012048973161969402,-0.021762018127741176,-0.022650647065919766,-0.21868602210735613,-0.023377513641744264,-0.0025162567846126454,0.004997980973079896,0.015496739699631995,-0.11636120405508081,-0.0030402094419806893,0.04236151109929443,-0.0016114975322572833
EMP_0010,-0.042579362478916645,-0.022088119859841316,0.002743378741562633,0.01140703533033319,-0.002321486355700063,-0.006692905073293223,-0.05450557021847805,0.11355345185332648,-0.03546493615017557,-0.04860009631273899,0.006829920444252373,0.009400166307659047,0.016096374228839933,-0.004143512160524377,-0.010044888005667798,-0.09590872739907115
EMP_0011,-0.030154133863803424,-0.020508305549549376,-0.01688399560489921,0.009054313487153806,-0.008398327960460725,-0.011076875940162056,-0.012369754227964326,-0.2675727527125518,-0.03382280196974724,-0.00292526367909849,0.005149430697235283,0.010327110988992888,-0.08359768528583332,0.023202302062979022,0.010027957955881357,-0.00277049550660573
EMP_0012,0.022210548078414168,-0.01151169529610359,0.0012309485778260077,0.008927387808466247,-0.00865449874984021,0.006548813462698706,-0.02065417828204548,-0.1899011416877251,-0.011661316970880771,0.0016014106968603038,0.0051765140428521265,0.011285599593658423,-0.0762317456549519,-0.004433804357303855,-0.19413392634040041,-0.002118192029958436
EMP_0013,0.03420219761719313,-0.03769212998142457,-0.0002914185136182945,0.011536518569952097,-0.012121208664103076,8.882201579129894e-05,-0.009886415706511286,-0.23074184751617272,-0.00771125630037349,-0.013558337255289207,0.005957742206984467,0.01601201887734474,-0.12225095254005222,-0.004006349631737524,0.01812393101723217,-0.00498059130364889
EMP_0014,-0.0488755262860204,-0.014109467307200306,0.0017600702662359433,0.010601526318848005,-0.002954652446012746,-0.057282322001793985,0.05256327483578463,-0.1981591574573106,-0.02103819697275189,-0.024140264661883824,0.007118326645186187,0.01322324378581461,0.06190258894129703,-0.0052254376946267115,-0.06976672139911244,0.002063438325113625
EMP_0015,-0.03857244164457845,-0.007158305028707774,0.0005805091702383926,0.011978310176665794,-0.0014460729617385068,0.02842261240307647,-0.07788468773414696,-0.08248658484376105,-0.014131685453855361,-0.003218811987267551,0.00893263375066282,0.023378782532770256,0.040523768056719894,-0.0051832608815723345,-0.046123395443343485,-0.004930647219595681
EMP_0016,-0.041146726115131156,-0.028406304148590102,0.0026596384715588373,0.007317909468158391,0.007969713323325823,-0.027360224089166305,-0.06298793248854326,-0.2239837404429658,-0.0055687756775409,-0.020387688628705637,0.005723561965649744,0.00828022717026355,-0.060095287797892256,-0.0024597690866790746,0.09462250756582312,0.01350361340200146
EMP_0017,-0.07395307003300672,-0.02127617119547202,-0.006477959382103196,-0.02055536728365289,-0.003952032490885038,-0.04151445713875309,-0.04911214345616643,-0.0663912174901352,-0.02757769670869591,-0.012019517101099646,-0.06223885900850601,-0.025178862883181476,0.00308223163352554,-0.0036217781366092204,0.07426131936521414,-0.0007936957989065384
EMP_0018,-0.026885538515227295,-0.007086384358271403,0.014617784997743495,-0.08656591182951594,-0.00446921423231064,0.00014644958992557868,-0.044332416009438096,-0.22863183200618373,-0.023298574109033084,-0.015613012167620746,-0.030749408159739304,-0.08037217257521063,0.012373441579291494,-0.004313848846729927,0.06319524037795264,-0.00033388084406618673
EMP_0019,-0.05711591309403283,-0.021667587107822604,0.006244614911095875,0.010624565663636875,-0.00882653384815741,-0.0034347373431817914,-0.0357713030812487,-0.12671520789518811,-0.016551583009054814,-0.026687016021148514,0.006444742766380478,0.018810014056666845,-0.12739389077777277,-0.004299897236956781,0.03516571767461835,-0.001145262766267888
EMP_0020,-0.07596318516148486,-0.04408634708931632,-0.06148700493838225,0.011603406896939294,-0.004647712666356777,0.007979373841248522,-0.013332456212125504,-0.18963344378097113,-0.03780893838438559,0.005858393085692169,0.008418387515150968,0.01778172642116185,0.006012447222077892,-0.00520101063356197,0.08435329895053194,0.0028337878253486774
EMP_0021,-0.043653862539243395,-0.001477604441070311,-0.004290828749665541,0.011040504677902747,-0.010694306553177076,-0.058160782051526756,-0.009171902896111061,-0.18902407312349367,-0.00611520483020208,0.0032291747341563278,0.006984429147838127,0.01794285063242885,-0.11200081496098199,-0.0032663400126706175,0.03708615233052831,-0.0007466684731455445
EMP_0022,-0.022897670172296245,-0.006650455780429104,-0.005267629271227505,0.0107947579365524,-0.005311728797668629,0.02181566874746656,0.0021171085628794648,-0.3327887790536114,-0.01438797072830694,0.015314336290669828,0.0069871268468831875,0.020031487258058162,0.032403043189893246,-0.005289456767412988,-0.02917961444241247,-9.500927470720085e-06
EMP_0023,-0.03535111982212671,-0.004507411508491547,-0.004326497444203232,-0.048257574206726404,-0.009143687569235172,-0.024422788563231105,-0.006855875823283593,-0.21145131313258025,-0.024870293578368088,-0.013594158779330248,-0.0017562433604161954,0.0061676081315748255,-0.07037599175646442,-0.0032730341602076876,0.022151704815142732,-0.0024526003504866984
EMP_0024,-0.024914197405943934,-0.06278377484608183,0.002631747919475563,0.012490224713461012,-0.003553157865054308,0.019503743579328024,-0.03451170405818158,0.18017878210747126,-0.0063169264189320805,-0.03141470970977901,0.010123245237565344,-0.014099987416447232,-0.1255810734724062,-0.0022307624679494447,-0.04981777945607005,-0.05702294754888941
EMP_0025,-0.05703867287076328,0.004631989775969067,-0.003425195526364793,-0.0742109228230166,-0.004601565900227652,-0.03101752688817728,-0.037350066804418776,-0.0888634740597318,-0.023606385332757603,8.570312826235429e-05,0.0008898677291887422,0.009931279934888118,-0.07361724920739679,-0.004065234223190277,-0.06220415034806637,-0.002857673692630477
EMP_0026,0.018882302808552555,-0.007566649982106106,-0.000719635970530871,0.009255947208664324,-0.007265817010520744,0.00730596240888527,-0.04252992685650947,-0.12367906197261112,-0.014629239546902872,-0.022089194497985225,0.005658607380397727,0.01414848481052595,-0.09128910451258515,-0.005449264755417309,-0.19106634518079185,-0.0012863414394984334
EMP_0027,-0.059138324277074154,-0.008198696181212379,-0.02236008687770808,-0.12151550391973963,-0.0028563913955407566,-0.024169801234227756,-0.02126204055096065,0.10411514647481077,-0.021288858494917292,-0.0009176498413977385,-0.06035243540663721,-8.819889960534005e-05,-0.08671172047086986,-0.0023584188015612186,-0.08900458437698187,-0.0012117128548102551
EMP_0028,-0.039976384564483776,-0.023033254843411708,-0.016345261646992678,0.011164309691545004,-0.003933031785199444,-0.020681419040028307,0.05667419889587024,-0.08184159719759408,-0.02502523177042045,-0.01662012872662914,-0.017670063331522826,-0.09065350917029678,-0.07488574177632853,-0.0028720772122255668,-0.04714983869168214,0.0005297540609663932
EMP_0029,-0.04648605576769747,-0.04679483356013014,-0.007149838091225884,0.011515958414958534,-0.005445956007997166,-0.012418338366792318,0.05846220348865777,-0.09355190577531562,-0.03943215233262711,-0.002249477970979899,0.008619695715847836,0.014511294223100948,-0.1410721556081011,-0.0023724032195519447,0.012919351180569654,-0.001374663431149084
EMP_0030,-0.06661424303752941,-0.002457066694475813,-0.031524682203777715,-0.178250124149476,-0.002201593690644184,-0.008946154634832672,0.024434408204887476,0.11665422845441788,0.01403728309165756,-0.015558388661895477,-0.06760218102441168,-0.13534463586251774,0.023939109645149444,-0.004360065026944809,-0.04804588659218288,-0.0004792849258575442
EMP_0031,0.011454745414627968,-0.010300269316414314,0.000662273425599347,0.011147878057678693,-0.007649380742393132,-0.008505339963708142,-0.03370666259366771,-0.1192562142930674,-0.019042459931894972,-0.025702470940329753,0.007198864371344936,0.016886024040914542,-0.12992137273896018,-0.0048066311635506,-0.059837175426775156,-0.0009410853078375916
EMP_0032,-0.026899697339160176,-0.0054971965308842005,-0.016669351059477363,0.007557460611132087,-0.006463995708643086,-0.03258042866940293,-0.01841200713880832,-0.16363669409640264,-0.01845943140846228,-0.0014168812162214518,0.004494115141995424,0.010506561621034834,-0.08706260716119021,-0.0037337460942880097,-0.13842979738910455,-0.0006155806705509632
EMP_0033,-0.043296446803188164,-0.012704683418673925,-0.02083072413571251,0.010016656066450734,-0.008691591430533595,0.01929806188316384,-0.006777938269488155,-0.19092334529909316,-0.0218297352310294,-0.0003164220238882799,-0.01755981237005998,-0.08452326057915285,-0.10352230606709709,0.02707536514972956,0.01918443226894947,-0.0019175268488102453
EMP_0034,-0.04101582703499814,-0.0046339814927428054,-0.018083958775557962,0.007830451071779921,-0.007371988463761203,-0.03559568113546331,-0.03971155973535035,-0.19281780079397928,-0.01261766677153846,-0.005582419362565371,0.004794776575143988,0.010981876828573028,-0.09645970442283744,0.028694190769630732,-0.054189769158446054,-0.0015402152063207044
EMP_0035,-0.024725925625919135,0.0005928862603138795,0.0038686339954684622,-0.07490059013112234,-0.004339743143245265,-0.03751200410199585,-0.017735153933586222,-0.11370993974904571,-0.007876065154868004,-0.003615328964346122,-0.022767466616650398,-0.07101395317404892,-0.06679514299511967,-0.003944371233346381,-0.045990774284685954,-0.001854338256236197
EMP_0036,-0.0012762273363042423,-0.028133125346256366,-0.004634672816599909,0.01714240432647983,-0.0022426886652614562,-0.09462586567795991,-0.012997100735725547,0.07514518729724598,-0.039193456105886974,-0.03408200828437712,0.008549533256555285,0.013215189510574397,0.02731767977294195,-0.004847708721918752,0.017905638649293728,-0.09456205623123448
EMP_0037,-0.046271780657839275,-0.010361615003604926,-0.03841479738308688,0.009289481584849097,-0.009568623604637689,-0.052398683214426534,-0.018231683174008983,-0.17920019870165763,-0.025261174376218644,-0.01466759628439214,0.004535831174452651,0.011945028766099472,-0.10133287965683264,-0.0032922300570120923,0.01784366717670334,-0.0019320236968207788
EMP_0038,-0.02502375155542701,-0.0037438376527976058,0.03368870238380828,0.010883785766084845,0.04020409377385654,-0.01759909247561789,-0.0019984120719166603,-0.2652401001802832,0.009551602864095541,-0.0021545868594945693,0.006805102580356734,-0.01187013040080706,0.03267418835306373,-0.003716300165268348,0.1017813241608656,0.018438134371046636
EMP_0039,-0.03954380877181583,-0.00393835315758002,-0.01735214423817204,0.005461556606807261,-0.006630545545280466,0.007984128717193536,-0.018961357126419186,-0.22166925818463365,-0.0023890343025019544,-0.00410138154010434,0.0054606830201484255,-0.06565385062063976,-0.061596207241386376,-0.005262904323225154,-0.030795517615152732,-0.008331282785671126
EMP_0040,-0.064388641822223,-0.010075926194587128,-0.031094821248098887,0.013475167643772656,-0.0023396210136584898,-0.05284851050047519,-0.0060408680705474555,-0.12615356533935193,-0.036556720916696726,-0.040769024437542385,0.008862495951605829,0.01583351058487703,0.022996936940747094,-0.006396439696726744,-0.062111191967511754,0.0002879429779830834
EMP_0041,-0.05476366108790034,-0.0010841125356273,0.0013199962255162942,-0.10924197753131386,-0.002052492222242344,-0.039668672295118224,-0.04386565732104231,-0.04046921824114034,-0.026923081350571386,-0.020231780772097162,-0.031475895513475245,-0.09265986321388334,0.015728324854644815,-0.005532478315701927,-0.04043520344825944,-0.000963504340221334
EMP_0042,-0.01170830143582642,-0.02054381258544181,-0.021246281496005427,0.019619495256362068,-0.003361043224140058,0.018286415038196856,-0.06575432087997667,0.17894010610624073,-0.03827754738039645,-0.013026388624535899,0.009778052270597722,0.01255839141145467,-0.1270644213428351,-0.0017353294880029175,-0.16213992387390586,-0.001644366860219271
EMP_0043,-0.06963211089623117,-0.026497535392483954,-7.489308609595026e-05,-0.007612436913960705,-0.006081684087094047,-0.034527194406361775,0.02341311527381932,-0.07262724148147871,-0.033769892395207994,-0.008556310989199059,-0.0409363511241199,-0.024171360693329525,-0.09672201900858551,-0.003065574468474165,0.002173046933329001,-0.0036308343729594484
EMP_0044,-0.05196290567189496,-0.004981919277340842,-0.001631082744443862,0.010498134788638296,-0.0048414444865339575,-0.012973662431469178,-0.07721613666662526,-0.12084415425914573,-0.024026493456390095,0.002501233758033922,-0.011815913182326134,0.007767955424145915,-0.09889575214935258,-0.003515456410718164,-0.06917461227458116,-0.0012070680684298496
EMP_0045,-0.06423089034289156,-0.01753382928672883,-0.021335252145580737,-0.08845645729714124,-0.0018940371178954166,-0.0048104439002401534,0.076914805966361,-0.05865846790723755,-0.0275300162260984,-0.0020553497416172157,-0.035806790995286164,-0.018814267436270057,0.00845711490867003,-0.004386971612357183,-0.11546203381120834,-0.0017163901629117244
EMP_0046,-0.00783769964554921,-0.024506998310127374,-0.004576214577822183,0.011757685097571984,-0.00515420100214419,-0.0643678355476234,-0.024000040794814187,-0.19896234969629775,-0.026106828625980148,-0.011601404324636144,0.0054868132927295,0.015619807406273641,0.037350303852358435,-0.0064743809226204645,-0.07439040789407814,0.00044447458432617673
EMP_0047,-0.010695289846381757,-0.00727575944324678,-0.0022537536371276777,0.007555933234598155,-0.0067874789131612805,-0.013776912337489986,-0.015617466471289556,-0.2053565820758159,-0.01968222044945449,0.0003540993039553276,0.0044585779314628175,0.010714893560436853,-0.0801687967177095,0.04757691054222232,-0.12956934967764142,-0.0017960821117902334
EMP_0048,-0.012069035206481588,-0.013012146458729007,-0.007142323053130433,-0.037527028650723944,-0.005897911440109248,-0.12980656218678843,-0.10618012765116476,0.15088015188352716,-0.03249209612459808,-0.014451311266615535,0.005361504330192033,0.009976156871057695,0.03516663298680044,-0.005046334292424063,-0.0462816710732811,0.0012028242240351404
EMP_0049,-0.026440131926562346,-0.014707304444669732,-0.03566092878215676,-0.04032257351602513,-0.00745048321673494,0.0010204971840751583,0.0039633965952687675,-0.1732208149592139,0.003595982383495463,0.00044491649722358203,0.009617945147311303,0.013666853313593673,-0.05362811384233799,-0.003796463400028317,0.14300545084414504,-0.002407504985817439
EMP_0050,-0.042240969531232325,-0.0208174657784533,0.004149287769273569,0.011607558879302819,0.03328136921151495,-0.02329635518783698,-0.0023766982872500102,-0.10084137729717169,-0.019410809688253858,-0.0158006117737982,-0.01820802410343495,-0.1027774551864213,-0.06938946677828085,-0.004473583501428028,-0.055726227139869376,0.009001551284905436
EMP_0051,0.04073742087537243,-0.05153907696155475,0.013217020013156224,0.017837095968158058,0.022399599078955317,0.0012222207215738193,0.04004959760203486,-0.05795525789284077,-0.000611721778046039,-0.05306751403976752,0.01266923730441262,0.023584983702580685,0.02334479684038824,-0.004860788023320572,-0.028384462421531698,0.004037571901995406
EMP_0052,-0.06922089585460953,-0.008241098729422225,-0.019466672824596562,-0.1642408309490481,-0.003079010799427134,0.009512588948465569,-0.020282162029059112,0.10957984797510034,-0.02158577473179462,-0.008592168159383134,-0.06218987867901965,-0.08756477163641666,-0.08331619048030807,-0.005448343342175411,-0.056965542239015086,-0.0012183735777242617
EMP_0053,0.04308113307834796,-0.01064307987709256,-0.0003795934260503158,0.012918212421481137,-0.008434227370613199,-0.07195395044528037,-0.03066907594705801,-0.06542321061920854,0.00129521218177108,0.009283881126544252,0.007569088684384087,0.017634368849949154,-0.13945208183613278,-0.004218362063694491,-0.05692081652961155,-0.00100677533616969
EMP_0054,-0.02799684917881609,-0.013340747963783829,0.016770686621310343,0.00999918895326354,0.011116134023619911,0.008090143360640293,-0.02701735906983809,-0.15294230166283979,-0.01202680877807262,-0.010766303318926643,-0.011843564235140786,-0.0807916526750964,-0.03789800131152113,-0.004560176904077951,-0.12722739322097013,0.00811572825181576
EMP_0055,-0.028803864528327658,0.009454628631627795,0.0034359902811210113,0.014162996001718282,-0.004368250768264001,-0.023058669050428103,-0.016097586088962848,-0.20125758690278547,-0.009783770035150576,0.01394539068568505,0.008201734264811895,0.019424209408784244,0.0511169419707201,-0.005751888304869393,-0.07226444933567866,0.014324896661564673
EMP_0056,0.015124519692040305,-0.0153601674109863,-0.037406052739606406,0.01349872368080607,-0.015111247779188241,0.0062974832741418555,-0.0314936235421165,-0.19747120206468458,-0.022064153812281318,0.005088386403265174,0.006311068742856977,0.01862606300985827,-0.1127569046122714,-0.0031914670509840385,0.0986903316998553,-0.006101034599138444
EMP_0057,-0.04452140554935762,-0.011685255520039642,0.00031571607535884526,-0.12421702797598481,-0.0026297138396677694,0.0045420128496613055,-0.07116989147469678,-0.08677859679303468,-0.030062987755107896,0.0017713951592503339,-0.03158349182565117,-0.08998408425405259,0.023094992924089962,-0.0038118081080509986,0.020266936382875432,-0.0008660674040257046
EMP_0058,-0.02292125972684583,-0.002218580741426219,-0.025211335500485627,-0.02334204302035486,-0.0037735008582295186,-0.026761598291096887,0.026461292113498278,-0.06926851113898166,0.012433438398168285,-0.011848800552719157,-0.026606407196529333,-0.08561168524939933,-0.06352329530051026,-0.002947227465645375,-0.03398151523233868,0.0018017526544624669
EMP_0059,-0.019198424009386136,0.009242619399138343,-0.011287922739413255,0.00793691976871361,-0.004905935336248256,0.005519703551059203,-0.035632755218864394,-0.2027544629227628,0.0024309490123180463,0.00339612783600596,-0.006284077688754709,-0.07168913865911437,-0.05637894940996247,-0.0030746546570739716,-0.04637811385105782,-0.0032611621830300045
EMP_0060,-0.04881565510255863,-0.004824098013621314,-0.010735446493410824,0.008809428274117454,-0.00738727876927148,-0.059887573835776794,0.02418889903174116,-0.09663217437432425,-0.0064239717258654785,-0.014746957732674306,0.004604900212866668,-0.016793810279144786,-0.1250947724307891,-0.002284751479818467,0.00905503436152781,-0.000351048751431553
EMP_0061,-0.03845639979885741,-0.009865867964512377,-0.0017020754585797757,0.010013038702253318,-0.007047628349070078,-0.008142229176371429,0.012117111679680208,-0.3562875531084208,-0.03276954474893296,-0.023519120530841677,0.006235802711301214,0.012924559921520333,0.0268725204888829,-0.005143080963127174,0.030956124753844332,0.0014950647327971317
EMP_0062,0.02594190768337112,-0.002433148840238809,-0.022460082179187216,0.009712177683448685,-0.0052187264320404944,-0.02007580587808738,-0.012745279151262948,-0.08668044546297977,-0.016608013506727276,-0.027997946751900246,0.005984313161274254,0.015450131964773448,-0.08732335420929792,-0.0038431424908077164,-0.18643559226577036,-0.002586270433001042
EMP_0063,0.010305670734315679,-0.025247025620769737,-0.014439671565166073,0.018096823273207115,-0.0062118963375396635,-0.06554501868046327,-0.03579829889332335,-0.09600612089453125,-0.03457879991265455,-0.07244886442045491,0.007281556278467652,0.01771236882577722,0.05115376620568251,-0.007479196151201353,0.057824917429829883,0.0030605126203910446
EMP_0064,-0.007786849661434939,0.0010207436546599024,0.021672170016843323,0.015498488152566386,0.008745121840027872,-0.00865274643069619,-0.08785817881179332,-0.08191351335773714,-0.028093394827722107,-0.0371168670422682,0.007859377562712582,0.023748938778879385,0.024283783790444456,-0.005124226047254884,-0.05740145008506668,0.008799325359406049
EMP_0065,-0.047069539969055746,-0.01703291676934753,-0.03245709158204639,0.008896193349921519,-0.0028570745618462187,0.008438782909915888,-0.02785245624236631,-0.14138141983876445,0.0024809897396293507,-0.008465987106497307,0.0064894235626032385,0.015937782318007975,0.010770852454855755,-0.004946142916581365,-0.19331666036527204,4.5987908409341495e-05
EMP_0066,-0.03966279199902757,-0.006708648829249218,-0.0012511589882753457,0.007255049683620148,-0.004679382263760834,-0.015161507311691276,-0.04376470369717161,-0.13294221901769168,-0.007959839293421483,0.0028622584716594944,0.005467446125716717,0.009676006238452634,-0.08419558397504764,-0.0039660063362498485,-0.1517093694672395,-0.0005788264490566768
EMP_0067,-0.04199583496474974,-0.032957612387926716,-0.016948198806747732,0.013138794328851027,0.01193523028272042,0.0038785893935726697,-0.10782311820653692,-0.041320919334227935,-0.018464574129355683,-0.03824828059510042,0.006953594387550559,0.014297943786221212,0.0146038475204632,-0.004345481605189843,-0.0589072590807068,-0.006115997697270904
EMP_0068,0.00833893611496216,-0.012128585357597659,0.00017784793728996422,-0.07910087811223133,0.028453610589486485,-0.033793985473319924,-0.03220812837884968,-0.04271518493674009,-0.014718071618541195,-0.00787889367528625,-0.026147555845431613,-0.06157889475459965,-0.04245286138262139,-0.002993855925850763,-0.09072224670799414,0.007149470418891112
EMP_0069,-0.025141886387829163,-0.0367781773117527,-0.026769474539979344,0.011621434207832031,-0.005726053155040492,-0.015691641286611983,-0.01796684992584226,-0.26952455609487586,-0.027872811350194638,-0.03194129890664684,0.0048032921486722896,0.015353603041720619,0.019361820366980694,-0.0046042699073692035,0.028609134482606654,-5.154249010361268e-05
EMP_0070,-0.02937845187369117,-0.010548067302767491,-0.019859026034319147,-0.026633996735222404,-0.004269787960788181,0.0019017154053076696,-0.014441690101740429,-0.1669629184587804,0.007797732869436919,-0.013077005986210864,-0.0214576622152055,-0.06747698730192579,-0.05504405591572698,-0.0034480094404196926,-0.047084340379255935,-0.0023367256771245648
EMP_0071,-0.04054022166853283,-0.006197976742381955,0.0032014264657010344,-0.005577284999248625,-0.0038307341696703747,-0.021984812023924685,-0.016217011819621423,-0.21454898498992309,0.017915207518091735,-0.008954016304153484,-0.0326025477952253,0.0067661842035971744,0.0103889213955988,-0.005147414566548751,-0.11561000955621076,0.000619997944019206
EMP_0072,-0.02866095766631993,-0.0033692581406070945,0.005717315642038409,0.010149725627759409,0.004992112446304584,-0.015145419534149268,0.0518282020017624,-0.19895348189256715,-0.02633932904389055,-0.010838192195178977,-0.011629136700902504,-0.07177452101810874,-0.05951643951288055,-0.002776798759760388,0.12194307723798185,0.002053824400084907
EMP_0073,-0.022453292203074137,0.0019111730400971916,-0.00057608094048667,-0.03484227009395361,-0.004310985826347014,-0.036338658915085705,0.008495345384245921,-0.1657113758474873,-0.010068186889628232,-0.0029969567184288276,-0.02364690662269928,-0.059377309406715234,-0.043996114978937205,-0.003375939324623375,-0.06963818872837327,-0.00039352903693678235
EMP_0074,0.006619274926191308,-0.012917734594179766,-0.004294540613644311,0.016536591101441594,-0.007874597548560822,-0.05555457123662366,-0.051218398610879325,-0.0606562735816232,-0.014104821600040417,-0.032316660612422915,0.007677233750592005,0.014716032278328163,-0.14923316686464766,-0.003725170846998296,0.034686685269784155,-0.0006591583251505584
EMP_0075,0.021494877693913932,-0.011657381978445285,-0.0031335209710260715,0.007029054877968667,-0.00914500765765659,0.0021838081958938877,-0.02082352107234164,-0.24074090166946968,-0.009612383091041636,0.00017302247512448917,0.004632525711931695,0.011545678961384769,-0.06192059549287556,-0.004603029356137026,-0.1401281860042723,-0.002613717731384868
EMP_0076,0.012623227686239892,-0.011361877165413245,-0.002760093611156965,0.010370347252504403,-0.002663822930495518,-0.005593133839461949,-0.11201695660612519,-0.07159454983392567,-0.029958437697191743,-0.04597751445648929,0.004573405852862405,0.011543375034226621,0.005159114967936874,-0.0063762069471126415,-0.20238828822237281,-0.0008978665924580512
EMP_0077,-0.020400120253637247,-0.007854495179810505,-0.006557359712560467,0.009409871211927608,-0.006374005534469755,-0.061815519063384235,-0.028553771082314397,-0.08431683184789852,-0.030770544920723165,-0.0034432950489952977,0.004302377967093005,0.0137538874384645,-0.14229856909796407,-0.003917377380683089,-0.058923502551227185,-0.014560022052251157
EMP_0078,-0.026224807823407137,-0.005302157529768238,-0.012086029478193108,0.012869639978044552,-0.004142913775371243,0.012821931829447675,-0.08000917171663219,-0.07020088702642839,-0.009288276116996076,-0.003510931424939386,-0.019380586450609655,-0.1116286584978105,-0.07492996499299492,-0.0027666142322840884,-0.05724755926279918,-0.0012922905876917728
EMP_0079,-0.024309496585026503,-0.011971121911674546,-0.011398414093427678,-0.09580253383727252,-0.0018026335887164624,-0.001992823864922203,-0.06484659049799756,-0.0527260371770494,-0.014182372453142446,-0.004670948073372077,-0.024359263549258707,-0.06438232688341801,0.012404053420275427,-0.004017578345633764,-0.10136090564309613,-0.0019002840247014222
EMP_0080,0.03781270833987888,-0.016657276625078286,-0.019976635213864537,0.01147288971443556,-0.0071946266984969426,-0.02528463845170719,-0.09229122615749948,-0.1262000630742427,0.00437159667357316,-0.0054828522393315015,0.006165427661120786,0.014377830928945609,-0.10233285305775627,-0.0031551175808412547,-0.07373244177271954,-0.004211999554849847
EMP_0081,-0.03947428025613906,-0.01007274856683853,-0.0024991475282193413,0.00956107110807195,-0.005086489370096653,-0.07137529449586899,-0.016055680841037215,-0.3134892251706219,-0.03088764078982806,-0.0014181205687417173,0.0049808634369715304,0.015045754991757825,0.04700123549864929,-0.0048665922739356176,0.05487335736764968,-0.028556339650208176
EMP_0082,-0.0387424340567557,-0.002562091665674209,1.035887691197138e-05,-0.09904400273563313,-0.0031162713881992972,0.00212182274631938,-0.015488717538201257,-0.10943648717636578,-0.05858961157637432,-0.004085974961957086,-0.04336962510040085,-0.11819611308523582,0.023864545607720125,-0.004043950441903055,0.019143185382182373,-0.0007839099948676122
EMP_0083,-0.039574945370026614,-0.004449875794904064,0.002812668960620996,0.007492992281994517,-0.0021232590265437496,-0.0018728926602358629,-0.03365015834864884,-0.16221523150252962,0.004616344738005648,-0.007647447184274991,0.005951411914964827,0.01619348433508714,0.021539321404761735,-0.006119294876643337,-0.19941745176340867,0.0011450557833472185
EMP_0084,0.019693853557639404,-0.019192732727228917,-0.0035665880451568356,0.008945141184742657,-0.0054813698030064684,-0.04407306919871842,-0.029775931539487016,-0.17266346782711647,-0.011598465247906998,-0.011935447676508025,0.004713290549024994,0.012095565986476726,0.013264002280746288,-0.00899251244595477,-0.22372981110695483,-2.1735049024391772e-05
EMP_0085,-0.07324138460590443,-0.016557107244576784,-0.047694888576547724,0.011734549423571036,-0.0061053204304830555,-0.0750161296012805,-0.032243924077583676,-0.20101202816607192,-0.025045862377504283,-0.018076526181052797,0.005684766681213793,0.01524830435953837,0.028525556286466747,-0.005860676210395042,0.03615069038116429,0.0011907032310124327
EMP_0086,0.02190531411276238,-0.011870924652022417,-0.027079690596189306,0.009448458422691904,-0.005517506200234267,-0.029718221985499758,-0.012599283292631627,-0.18144589226289554,-0.017089616390563663,-0.0009537638152777131,0.006132097796942552,0.012238618773099444,0.018097408301319604,-0.007640671076618509,-0.2166807724755834,0.00045516823226668054
EMP_0087,-0.059949403102071024,-0.01809463851159763,-0.0035516922191665625,0.016751979333912308,-0.002826994990096813,-0.13120712540038212,-0.025149091721452837,-0.0077389426993146595,-0.03825711140676982,-0.017395594142450916,0.00867781912807787,-0.025734903401320956,0.05358761261763693,-0.005839341997212343,0.024996465715812464,0.00441168568796188
EMP_0088,-0.06688225492234741,-0.0045885457868447424,-0.01904407424099539,-0.06591585405363665,-0.00047925084114583367,-0.005320159971628436,-0.06653360404474379,0.20493630231926843,-0.012157627298110733,-0.0005340089857683556,-0.05830432973390172,-0.10346564482718401,0.0328241554697544,-0.005016560353856287,-0.05611693244027694,-0.0007208873970159565
EMP_0089,0.04238277117931221,-0.0042775165167188295,0.00490092877746123,0.015624645100810531,-0.00737563179421659,0.0193310713957354,0.0015053689793697476,-0.2922978296205827,0.0067707732854993125,0.021161889487583536,0.007176648238650819,0.02065958052219834,0.055409900983898634,-0.004756556053015861,0.07424507586473772,0.0022196030608426596
EMP_0090,-0.035006742466437674,-0.007186004032545963,0.0015630261069625889,0.006208253441685672,-0.003962494621087691,0.004478698175399026,-0.04781883747297458,-0.14994818716988442,-0.006694805787797984,-0.00763929143364602,0.0055200990558272245,0.012138379856085292,-0.0672364600682284,-0.003947153484602874,-0.15706365427531013,-0.0007241029318773239
EMP_0091,-0.07204516588423279,-0.017205786750342233,-0.00944498112450648,0.014334809986705027,-0.0032693941337944067,-0.07569465086154487,-0.013120083504677965,-0.10572057831017727,-0.04329906443844192,-0.011036082088422458,0.006191204494010888,0.01702430989110107,0.024481722046197668,-0.004614446763052047,0.10155140163650568,-0.05545249130376077
EMP_0092,0.03496044126199533,-0.01828025445294401,-0.001569655610219987,0.012005795753756222,-0.013775765282432389,-0.07613541328743006,-0.02371786839194161,-0.14646558672862414,-0.005536892403834084,-0.0011792789939047649,0.005206057951637772,0.01461150915104556,-0.135817035444756,-0.003931248448203896,0.04480117335285118,-0.0024952555354293663
EMP_0093,-0.04608531379000633,0.007124324424048793,-0.013513739940839948,0.014641123721311267,-0.0026097103757043052,-0.001375543725230231,-0.07045552249709501,-0.09216673545267078,-0.011893143487320963,0.00713897580312668,-0.017252000018518805,-0.10650903559344116,0.033081376494933146,-0.004551549773389752,-0.04782441549893943,-6.83673986970026e-05
EMP_0094,-0.04737890560109498,-0.003163075557942101,-0.01641181835720681,-0.08835792029881841,-0.003511277895183158,-0.03239163605531273,-0.027851542564262897,-0.020627970645620698,-0.022019833173139998,-0.0048233731709538,-0.03332434230041544,-0.06835257271592254,-0.06635351347442646,-0.00361989654360212,-0.04180462930148942,-0.0023269694530417477
EMP_0095,-0.06969416699562625,-0.011331549508989429,-0.0027364263547710755,0.004644848136279829,-0.0029272070668856535,-0.0065629963365502605,0.029984002944524586,-0.11213937832939999,-0.009167676096033408,-0.0012406664069551966,-0.017080493241191583,-0.07397248688157829,0.014259996769441261,-0.00559148121289419,-0.14479893488286597,0.001035338355062095
EMP_0096,0.008156883002919021,0.00580715388807693,-0.0011546038311086712,0.008266444432677695,-0.00741042814721462,-0.028799867408080316,-0.026365177168272726,-0.1741939728489581,-0.015316637769251334,0.00047007777476636516,0.004388129876220888,0.011359475664105475,-0.07451949670877121,-0.004818243604364907,-0.17656569871294386,-0.001623315548234631
EMP_0097,-0.020982242579535175,-0.03273338288297605,-0.04313115490218422,0.013323862680894652,-0.003993953179191624,-0.08652164574091374,-0.02531446050577138,0.16451596896858972,-0.0023655532110803327,-0.029572609078133326,0.00991039614415515,0.01321173135779463,-0.11660861285122755,-0.00270691250089483,-0.14754773525434847,0.0031970264263891574
EMP_0098,-0.043996104589730016,-0.009135966712576637,0.005075386089592456,0.012581024337264017,-0.0021607968844500063,-0.022509522921992636,-0.16652220192089784,-0.016514305806176282,-0.012348625109134361,-0.020765001950783506,0.007438377638931746,0.019791761833297023,0.0244206632355842,-0.0048876834464447036,-0.06991231335894903,0.0021260324580315995
EMP_0099,0.027096986944555087,-0.006602448949374384,-0.002063971146565992,0.009882066804936031,-0.00942530137523618,0.0037858919170643737,-0.08179154028312889,-0.17083001381592677,-0.014183796025810014,-0.02549232042931823,0.0051415095416527026,0.012130700092115263,-0.09333139013038885,-0.0047113360785383755,-0.05943135752969544,-0.00249295664477407
EMP_0100,-0.030339752357664694,-0.0005639095823022365,0.004573832880217581,0.007567861958129822,-0.006103031959421869,-0.013534410151709596,0.03847611349905326,-0.17905539603087905,-0.023506117586007,-0.007419673725186176,0.005544816794833325,0.013847544242381299,-0.0655233855489629,-0.003718380188022617,-0.13802756372858282,0.0004621743756902374
EMP_0101,0.01665542729453953,-0.024425655131536987,-0.06500229546095872,0.015245510042782006,-0.005546237939826972,-0.018648902091951178,-0.01314971117404577,-0.21109965072158843,-0.03325943974616133,-0.02270000880755639,0.009140987881171661,0.016064799869713296,0.06713979626422557,-0.004776799556609626,0.009230902858785828,0.0028119993105839534
EMP_0102,-0.02546657208759799,-0.005948621537767491,-0.006495749444480776,0.00805325582943399,-0.0040344410955439605,-0.003502676203704835,-0.018161788814199494,-0.29008863505977034,-0.01989249118324386,0.0008799086793832491,0.005368184207975305,0.014525266052991554,0.06836604956846874,-0.004906033837735075,-0.13368045878516993,0.0026655266025269143
EMP_0103,-0.03350282253239718,-0.01949996276221268,-0.018094579805383437,0.010871260824467533,-0.0022654208578229387,-0.005440047390498696,0.06447225300766996,-0.1315954959595742,-0.028189062902416757,-0.009972085108277101,0.007061754143183525,0.017894954165824917,0.01636076749744349,-0.00557756118870826,-0.15928816993521783,-0.0005550583045148581
EMP_0104,-0.040446951346005316,0.0010291540881135315,0.009292723084883546,-0.05346640219235165,-0.0018865216547767699,-0.04064231503144395,-0.044785004627939516,-0.07399958501916057,0.008716963285546716,-0.004065754495847923,-0.02883271493639302,-0.0844684692888262,0.025559342210640285,-0.004099898837470502,-0.03996835588436148,-0.0002554864630413628
EMP_0105,-0.04572933830186721,-0.007276533290940101,-0.002345019072500557,0.00669187687677838,-0.0036123585388118796,-0.0704598857042724,0.02776659793220593,-0.06964045731238167,-0.021617707552101486,-0.013044456684294823,0.0038854628488895213,0.014983341703093083,-0.07120885823508802,-0.003952367731165171,-0.1319505592685862,-0.01480901477739088
EMP_0106,0.030480728421777323,-0.0001120286828081347,0.0013895070361888164,0.008454558413933602,-0.01127899551564362,-0.00968858717631511,-0.016769188522406168,-0.1968996100463673,-0.008754907350318364,-0.02717853439863223,0.007802323649519635,0.013428838111395136,-0.11098173162539066,-0.005572408737136591,-0.05936714016649403,-0.0022721005197360025
EMP_0107,-0.033700771226006045,-0.005020807791184139,-0.019505117220545033,0.010050933971785534,-0.005325100191117901,0.011396179817559,-0.007702462605278712,-0.18443885388824813,-0.01702850740440657,-0.002686321340812984,-0.013432081014207512,-0.08027828764860108,-0.07592606682560826,-0.003480380027384886,-0.04965814511033943,-0.0005834886040367266
EMP_0108,-0.04277335255824472,0.006541222421690181,0.008517305932216869,0.010839126418015403,-0.002501093778466287,0.004322936258694879,0.09726403394269187,-0.1758832183814064,-0.02473871760677027,-0.00037311756882468274,-0.030226592758073562,-0.027552639910292647,0.03593255807326315,-0.003660138753320909,-0.05874203028521861,0.000714441445612021
EMP_0109,0.036639964167279875,-0.005832894062922523,-0.005452218791708386,0.009750653219474064,-0.006877310643597885,-0.03513009365716806,-0.02316839800077474,-0.09190956958629423,-0.009603016963918238,-0.0205721655594878,0.005288377761009731,0.013344278774263842,-0.08756412702466618,-0.004889655876725629,-0.16856511478162758,-0.0027779860815697593
EMP_0110,-0.037074230203390894,-0.015514877899630608,-0.0009943501656762045,0.007317557547835544,-0.004947943950839722,0.004501564850935873,-0.01685148015301317,-0.34198218211036274,-0.02253867909420802,-0.03451548976178257,0.0047553950526029445,0.013211143462856383,0.013354624666265028,-0.006551839239183689,-0.049598106243412564,0.00010961613257032974
EMP_0111,-0.04207555700622693,-0.022599508420912396,-0.020417107828461945,0.008760940780590042,-0.008038536087913951,0.014053078649612905,-0.0025449654029809448,-0.25725998853615023,-0.012783195140299316,0.0024352402245170356,-0.014359340999499247,-0.08408045638216648,-0.05565981398381408,-0.003952389160155417,0.06692254128236595,-0.0007202190969384187
EMP_0112,-0.09242369320139583,-0.011878296743256318,-0.021788314035538235,-0.11457417022585348,-0.0033469641192925594,-0.026330560680603902,-0.040167927558184637,-0.0818035891038321,-0.01298003719634501,-0.011421122091152142,-0.042664858573855095,-0.026758266705619208,0.026686308276271286,-0.003958296602283832,0.017696936221358404,-0.0016064247688509217
EMP_0113,0.040039297672173964,-0.014410817622761392,-0.024688484188879856,0.011134413307030506,-0.004183278484801673,-0.007831987915556839,-0.016189801577190514,-0.20277864974252846,-0.013212964715818787,-0.015470368794670333,0.004893497631865578,0.014097730942049462,0.009207279331028669,-0.005457714571981392,-0.1747765521889105,-0.0026908761894818734
EMP_0114,-0.04919901264642497,-0.011310396581456396,-0.0017007106945473047,-0.01763243035382535,-0.0018592405031486738,-0.021960535970649706,-0.018761056556120242,-0.10377871999565041,-0.0042785289986254724,0.0026349221273885516,-0.041554011159140584,-0.0931387116348039,0.06567192034750025,-0.005574144753375061,-0.12969424010982913,-0.0001843796257256455
EMP_0115,-0.038090098458021165,-0.011895111841194852,-0.0205567818768516,-0.15674552423247576,-0.003526547460763412,-0.06703492544433645,-0.036716643421444095,0.09256813511034014,-0.021470136945176216,-0.008309409593969702,-0.05440242501065758,0.0019327309436736027,-0.09473288101389982,-0.0022451638518576397,-0.04472302441743562,-0.00137146959436355
EMP_0116,-0.10160361540800945,-0.01459145943319995,-0.011683128421729793,0.008686807705366447,-0.0018024546598020682,-0.023258252380956555,-0.01619353055119841,0.10539641785631802,-0.028170113400105442,-0.014468976040066465,-0.12442719828050802,-0.02972024396079149,0.0065227068097577145,-0.0036869067306022196,0.057053862008212206,0.004626807778881959
EMP_0117,-0.03337570689104161,-0.007826804731469196,0.011202816314444135,0.010470462835515146,-0.007095551948281079,0.0029335321979236614,-0.01608627382069597,-0.22405298454988085,-0.002107766090427842,-0.011994159604121857,0.00646743428621059,0.022368472597738217,0.05270188719651793,-0.005740419769559816,0.067221349381153,0.002594435487542467
EMP_0118,-0.03179103174716259,-0.0012150201382169,0.002508429490403485,0.00812205736579545,-0.0034644335260752015,0.005673474965302002,-0.044630185869248024,-0.17656277097353731,-0.015449894277359981,-0.007198231684421536,-0.010877196007922557,-0.0812810389466542,0.011052472545900595,-0.006132444546726665,-0.14095135429109173,-0.0001221094674186911
EMP_0119,-0.023531143645095728,-0.012656695632460297,0.004055668488161003,0.001903437598005203,-0.0041063623720944175,-0.0011881849164362501,-0.022379385882977786,-0.2007970790606382,0.018603916660525705,-0.011196537270211715,0.0028844523890823766,-0.009249060023258754,0.013436771564209676,-0.005213417008823378,-0.1594935612971993,-0.013392096699221657
EMP_0120,-0.028979664543274643,-0.0024679657618295143,0.003268315461549314,0.007523730459103552,-0.004012873680967422,-0.00845079113910593,-0.02341833622717081,-0.20572397708463816,-0.019868587639481086,-0.017025687870925156,0.005311309986150183,0.015677674572684024,0.019649209703158508,-0.006844949611132412,-0.20249131798856707,0.0005346342560124152
EMP_0121,0.018143971710590213,-0.0014226528192680858,-0.0028259233284705972,-0.06038252727345288,-0.006787048425073092,0.0012032923317713234,-0.04054029616639556,-0.20175369161090367,-0.030381227121676183,-0.0035809919802242424,-0.026445002851111864,-0.07449553951907949,-0.05029344045793615,-0.0032437294735069774,0.07070376952668211,-0.0052182396503788015
EMP_0122,-0.024112467897962876,-0.004151390291856481,-0.003603698489465877,0.0074872809602881145,-0.005804194495274884,0.02975946393406893,-0.019107261995873502,-0.1827326035192417,0.024756193947107156,0.004595562644062444,0.005368023586129962,0.025909616971859006,-0.08660126533806067,-0.0022651360407911635,-0.048920580623729906,-0.01289682045969193
EMP_0123,0.01610864567361499,-0.020525612630559464,-0.0012014451903749725,0.011203375901783455,-0.001839951446875609,-0.024609553140670787,-0.019443230226599106,-0.049167095970411794,-0.014511766203751175,-0.012615325119977,0.00812597967505717,0.01861211118909388,0.015502151539889217,-0.0106269449077697,-0.22812758377540016,0.0007969675245172724
EMP_0124,0.09040240407436025,-0.008938798240071186,0.00515768529159907,0.011940470698476528,-0.006047882772298922,-0.006891536251087741,-0.032440913747344494,-0.10483454364730234,0.014536057718260553,-0.005788618037855051,0.00689124391907527,0.01804674127760407,-0.08298643776971827,-0.003278439525825824,-0.1460160635216761,-0.0020706465746296782
EMP_0125,-0.035187385304571904,-0.05675083364345811,-0.0027857892811899575,0.012356673387447172,-0.00120059382749187,-0.10643598984151174,-0.03150977059758534,0.16905386959844973,-0.03427941186581457,-0.02978936712950388,0.012245835638561915,0.014277357446265727,0.017423518918761552,-0.005246747171078794,-0.18741112408556887,0.00292048064985487
EMP_0126,-0.03403368206968296,-0.0071719154047641875,0.003808611597805911,0.007657173756953791,-0.0027744329283698878,-0.0017383054892918298,-0.007181002029927458,-0.17284093438163373,-0.0282905538694098,-0.02551590367405593,0.005238755024295861,0.01453255317722768,0.015548278620303795,-0.007025383580539762,-0.21777333989694417,0.00024080403959792098
EMP_0127,-0.04840521768827755,-0.008482916567854621,-0.038798260269028,-0.013554233447904044,-0.0062471715041737385,0.0004689425541024402,-0.03813747624052873,-0.14236535966070446,-0.00857312729493869,-0.007545125972140731,0.008618102129831332,0.008994937772768712,-0.07153151155831694,-0.004694884022056446,0.03231607524652908,-0.004382050585741352
EMP_0128,0.016247785993104825,-0.028801423478666703,-3.973133098523029e-05,0.010269676111934212,-0.005299356455238926,-0.027380473367088785,-0.012591089493777371,-0.35063491724294144,-0.016422548172803343,0.00876929500773874,0.0064470692270269135,0.013316445756826476,0.024382341131706335,-0.0056074299642410895,-0.05904950053682197,-0.0009254202942069161
EMP_0129,0.004198068313591289,-0.012355678059797672,-0.012740256356506866,0.01364032824656831,-0.003697741324851342,0.00021595458937968544,-0.05012933999734586,-0.04126186213720618,-0.028307776491378688,-0.0017200133402887991,0.006631827961243398,0.014176814047360509,-0.08628169814569793,-0.0031397702681882646,-0.1551170929143625,-0.0014310412309527672
EMP_0130,-0.007609751003904999,-0.0111487230303041,0.00680746048336576,0.016667223970266792,-0.005691601347970268,-0.005440513339776324,-0.012918401013029908,-0.13442198551414938,0.005468498451870943,-0.03691834388059742,0.008317141867480688,0.02506214430399134,0.034364016030047594,-0.0038338312963137576,0.1701203586573995,0.0038570295531897706
EMP_0131,-0.010646557426550097,-0.0012406709041019469,0.0015626858361229455,0.02324474672771734,-0.0009155699982305093,-0.0019054320303789323,-0.008437798142685663,0.2124108315781297,-0.018872656310312576,-0.014389232413155827,-0.011258709722110039,-0.09897885150134816,0.03700817040207539,-0.006165673917621812,-0.15557872132003572,0.0018441620340516516
EMP_0132,-0.010538600656016138,-0.05402118143872992,-0.005259529124356046,0.016127859669314546,-0.005396285441725172,-0.01087573631567384,-0.01306330559503549,-0.04221795518089459,-0.03867608549369688,-0.00984832880926451,0.008234327290738204,0.018411863158265297,-0.1284559995020754,-0.002310514840718309,0.10276822143800426,-0.0021980262665695326
EMP_0133,-0.040828702071621814,-0.009891406592382454,0.00558451993938393,0.0059078262681088,-0.00711861309464192,-0.0535012178296917,-0.020863623296587117,-0.18160640106609632,0.016887207668945404,-0.0056242875848967625,0.0034566003362967827,-0.009631566988944584,-0.07851770357578579,-0.004462009015310824,-0.05739144001441369,0.00028153980920489263
EMP_0134,-0.012182172547189877,-0.005729850287174827,-0.002988667000142932,0.007411080066202024,-0.004027385805820547,0.003781284962614535,-0.06220395448754606,-0.23036787549087903,-0.016711940743277014,-0.025151081691017183,0.003685296255107726,0.014019693637836205,0.016935518560727388,-0.00557081261868269,-0.15227793144838805,-0.0009404784708038013
EMP_0135,-0.025262461112894877,-0.01959072947753108,0.00972686099959228,-0.057878460744214946,0.03342450075442747,0.0014741469064471424,-0.030436907755650357,-0.13054405283654483,0.025212480184520103,-0.01619792246991897,-0.01682336900741372,-0.06220366506022899,0.014457824578737163,0.039205171796702146,0.078334418650471,0.009782887485066456
EMP_0136,-0.027336041193776542,0.000402575841734426,0.0044111909502839745,0.006042410504124381,-0.006045533465448825,-0.07555742435459746,0.01339502311036893,-0.16669737063760448,0.02290693604363903,-0.007777619528086723,0.0050368859061001876,0.021575406154544865,-0.09971698851278883,-0.003066615362332067,-0.05591148932089631,-0.01898062324369767
EMP_0137,-0.04072263309021126,-0.02221664720234287,-0.00996734562171112,0.002277667625063001,-0.00985781149752494,-0.002164500669552262,-0.00965000712156363,-0.26147795719390743,0.008602159943700421,-0.00016518566182102313,0.00561271487256113,0.015764613936577573,-0.08467097498607333,-0.0024095006701406246,0.08958705641902472,-0.0008609261905117991
EMP_0138,0.005502280273820842,-0.005450115003165673,0.00041607007749605395,-0.15266910944126605,-0.0032188733650452455,-0.03575305596956067,-0.017555798223827235,-0.0732387363024094,-0.06111298528512594,-0.033108750148536155,-0.039803099254351285,-0.07216709046993997,0.016276934116315055,-0.0034947787707795427,0.07775499788924742,0.0003028327686941522
EMP_0139,-0.03328427184185166,-0.010468271488783076,-0.00019074338565322686,0.00953593695769998,-0.003290253543048198,0.014805470472515505,-0.02003849569273578,-0.20305811455044806,-0.01299367328667344,0.00594828086526306,0.005918047637905033,0.018714256839821915,0.07292804373660079,-0.005434005897882175,-0.21058136605331998,-0.0008301178778446747
EMP_0140,-0.01815743420782832,-0.00738304590265496,-0.037243737337808315,0.006271260123360507,-0.004217789302323066,-0.0036023323475432543,-0.006892543188873296,-0.21624545881295962,0.019640447184205,-0.010536869207371935,0.004601728907685032,0.019978781836434405,0.014398370761305596,-0.004944982434852556,-0.16856290873496071,0.0005772355557519114
EMP_0141,-0.012657043537553623,-0.010021508087280404,-0.00045880563130310713,0.008216350025533673,-0.006687371110259528,0.012024839143567539,-0.016207427324855212,-0.19472478370166618,-0.01763218292779661,-0.0023463468586528515,0.003914082605172298,0.011915617363190566,-0.07520199860496005,-0.003802896536683198,-0.16734980429824187,-0.0012999976266451615
EMP_0142,-0.07963650568312765,-0.028555809354199845,0.006454600002942002,-0.1468753047196618,-0.0022172770668438353,0.020881704608964227,0.024560426342544926,0.10136589883097741,-0.038376256422222,-0.013628790954187902,-0.07124662867214106,0.0003072691936547546,-0.11034324263281652,-0.002516821795433312,-0.04746936050251804,-2.3178284364934378e-05
EMP_0143,0.02187060707745601,-0.010354993627477285,-0.02770352798106028,0.012004145489230659,-0.0026929055384208008,-0.003328474406910841,-0.01687718374074534,-0.09918384390509942,-0.020634332865114523,-0.030817969149157163,0.006479018066574245,0.01660170310373033,0.009251167491013228,-0.00597432209403488,-0.2081428383772445,-0.0028155266511730673
EMP_0144,0.004660740158680575,-0.04274454546218849,-0.0016489039533300071,0.01185899446796464,-0.007302206822523846,-0.004184393186529799,-0.023925078102071756,-0.19724162834644368,-0.02071174659890719,-0.0849869816395643,0.004056553541063152,0.014736243260345961,0.00644080904418724,-0.005944817485055677,0.07553102542254916,-0.05091334140660898
EMP_0145,-0.03076175696298486,-0.0031090815917290287,-0.014212108733646948,0.009637578213361706,-0.004355392715736204,-0.027395277984404026,-0.029742456794919832,-0.13222515712772126,-0.011131180749767969,0.0033855112402523184,-0.014256696711360642,-0.08164893317938152,-0.06369492992553286,-0.0029584434142766675,-0.06413764045226256,-0.0007133102183231141
EMP_0146,-0.031193789565685692,-0.0015522204519224324,-0.018742161173300943,0.007589540856697795,-0.006454809684041594,-0.03045889505038382,-0.01173164900879899,-0.15810600491086887,-0.014194774694856171,-0.0031042809610922614,0.004768828537247331,0.011290225709716467,-0.08108910693209444,-0.003763800527924313,-0.13968055854341954,-0.0008958207077064919
EMP_0147,-0.05276427141141092,-0.006992097293443698,-0.02659367042773653,0.011956510166484644,-0.0045799348851256645,-0.035802231862955544,-0.03896807223032952,-0.127739145676883,-0.01397825683668739,-0.010388865464562318,0.007077303466862678,0.016557074177982457,-0.11457694883191843,-0.0036906930189531746,-0.0610876308496965,-0.0007483461300610379
EMP_0148,-0.03080176124407844,-0.005827882599775531,0.00045106484130735575,0.009032536793554573,-0.005091132742458432,-0.04221271939215558,-0.0462478438060977,-0.13508121984538332,-0.015815427557720807,-0.008319891680188086,-0.012912427857410353,-0.07019951214070731,-0.06555942986060659,-0.004017795017227016,-0.0644886410514495,-0.00022719394803715612
EMP_0149,0.022644656096013478,-0.018465165728390187,-0.0009414648074687643,0.007263449864687184,-0.004578320024110115,0.009817079184264166,-0.02019182005635828,-0.19395705390685133,-0.01402233445807434,-0.013052616926763842,0.004705199105964397,0.013324614271426252,0.016209405049833793,-0.008553299559404266,-0.23105723915734208,-0.011464366055860278
EMP_0150,0.03441018256979521,-0.0035658256584871826,-0.0007100640294911831,0.01088730315002249,0.059772553026383846,-0.01324637303454918,-0.021543326515727317,-0.10458030786926031,-0.016009687709303836,-0.020229012821982764,0.006860733907881097,0.01582777876016416,-0.05418348354660301,-0.004831180943399674,-0.19363826731461792,0.022459700920742467
EMP_0151,-0.029635461928277658,-0.005952912773789686,-0.011849063350142849,0.010572292820488839,-0.002713317705020736,0.012958984014294034,-0.014306356126105277,-0.09239584843790995,-0.020747507301829934,-0.0023499605279835626,-0.008731788975779786,-0.09215155948221275,-0.058919647094767644,-0.003934251521604647,-0.1058251482590818,-0.0013377304587101502
EMP_0152,-0.017688646164912343,-0.003972616689114189,0.010979294232431441,0.007703753411953226,-0.004182543467274421,0.0055018118381436314,-0.016700876065877418,-0.21867778903009102,0.029976123211940705,-0.0031858714345963726,0.004664010144598461,0.019902699563124973,0.02608846764004418,0.05920896881919185,-0.1782709931713627,0.0013349300533662452
EMP_0153,-0.07397571418200526,-0.0012755204289711395,-0.015703138737151748,-0.1318122401292025,-0.0028290462549485106,0.006763188148469865,-0.021425325109783837,-0.09014464114702507,-0.010140781660632248,-0.006364386548427848,-0.03376375387022699,-0.1059985435553982,0.022199536714359504,-0.004460933715516589,0.009757565585045142,-0.003145542217017929
EMP_0154,0.027296452918819353,-0.008832449506637152,-0.006026684931458093,0.010544034512360847,-0.017686598877252883,0.001427075439535065,-0.020444935676915507,-0.32547328304793904,-0.010601987389687989,-0.023494862514410474,0.004610405324826576,0.012957896070594286,-0.09098483062565325,-0.004654877411794861,0.027820567225346846,-0.0037751986181682787
EMP_0155,-0.022635395211970222,-0.007742107081263038,-0.00782522383074329,0.009202182356381261,-0.003992590317750347,-0.004120381673305122,-0.04247452060541141,-0.18640628610430213,-0.003921234337678538,-0.0013621103759075487,-0.012906571294273748,-0.08220838308651698,0.017807994962470253,-0.005238544020317503,-0.12708073017185753,-0.001415376315988308
EMP_0156,-0.04097861167668542,-0.002984538893970683,-0.005178036808724363,0.013370691999254065,-0.00674662721398052,-0.0002700869154255941,0.01457477631698275,-0.12452830010771927,-0.05428219722518146,-0.0059235471512184765,0.0074065885378686224,0.014464376930360559,-0.14779397795883337,-0.002686532450241268,0.014490766337750285,-0.0002540208286694215
EMP_0157,-0.08436027365570495,-0.007174734831195403,-0.0028300081316925776,-0.17318867463933582,-0.0015050221873860053,-0.007855426652421131,-0.012505018249906191,0.12226711968513729,-0.027621846535994848,-0.002613487381958406,-0.06254438581400697,-0.14060683454939846,0.029012067487735226,-0.0047082536521004205,-0.05970912073498134,-0.0013753772652232892
EMP_0158,-0.029459757309771562,-0.0030309873126235154,0.0005822883114055277,0.019353926578731383,-0.00433239358000285,-0.024573557081870707,0.08712125243977538,-0.0740876341335065,-0.01709398437396022,-0.026977538983370283,-0.023640930199420224,-0.11100943135411317,0.03384735236045569,-0.00447046516477413,0.12373228669958707,0.006720295995024814
EMP_0159,0.0264555883595027,-0.021167990297180084,-0.03673846303174976,0.011122796458589563,-0.007667055100779974,-2.3625126127509985e-05,-0.004728067848088909,-0.30398681805032207,-0.018428252438460573,-0.027385637272707635,0.005373546730378535,0.016388708424721534,0.024233641718156954,-0.005575456835334982,0.03470257095984175,-0.024894763758873263
EMP_0160,-0.05115382310269602,-0.008757255098280724,-0.03411120516090501,0.008587956776856115,-0.01016774361672945,-0.045443562617503715,-0.011723256736695406,-0.16269707640700537,-0.015608655100410557,-0.004382898268601108,0.005478204650393342,0.014527492484011712,-0.08704015433254766,-0.0034532219715284478,0.027101775303776155,-0.013475853910567633
EMP_0161,-0.07725741768652228,-0.0005569144581320134,-0.018374598585921605,-0.12376754789539893,-0.0031435271496512212,0.018480304523835357,-0.01039853977552468,-0.05264858002293865,-0.017109678679486175,0.00297172498913897,-0.032748651441098814,-0.1048537733233334,0.034100305849328216,-0.0050835427695262525,0.032654468664088915,0.00041669065270914075
EMP_0162,-0.060767275071833354,-0.00718328609397815,0.010838820459022805,-0.08449164489750427,-0.0020829134468045804,0.016025639686989498,0.022154122296704073,0.11396802191920927,-0.007884425472731308,-0.007024716941501033,-0.06370560606190542,-0.09965828703689465,-0.10747335779361751,-0.00426495229352666,-0.05741745235740207,0.0016480359973395852
EMP_0163,-0.040137518357083936,-0.021219040691187806,-0.0014276251591636342,0.008528212135505125,-0.0023953468528745262,-0.015830114772903917,-0.012239294566366946,-0.13834146046020415,-0.03187169327486091,0.009460322253927341,0.006443584438750489,0.01591540668686621,0.01501772126027781,-0.007136550262208816,-0.20670287927163739,-0.0003830002152690306
EMP_0164,-0.026513433838469967,-0.003952243196367646,-0.0340240677479595,-0.05821549332096766,-0.004741034547413473,0.008188258915166988,0.020891706322393816,-0.1331487909425317,0.012042801741426874,-0.010840914084594058,-0.02603781895165819,-0.08265525837553618,-0.056182016591931595,-0.0029417166775160966,-0.03684752624282476,-0.0023417295696504903
EMP_0165,-0.059166934231888145,-0.009227946847352937,0.002443709041611839,-0.08463024185784468,-0.0032573174413675155,-0.03897263350931342,-0.03524332411386215,-0.1278880964099345,-0.026921571485629108,-0.015761727697427192,-0.008089169147313344,0.006951269816094738,0.020818971210681308,-0.0056252408712560206,-0.06150775979043491,-0.001241263773197327
EMP_0166,-0.010499914773146464,-0.04745678889382188,-0.010943538272027169,0.01878551648010466,0.017579911446006825,-0.10359036316657179,-0.021777232419258427,0.030119674311967493,-0.033507300615720916,-0.021796053007992408,0.0067760676478296825,0.012270908825124374,-0.11667715561865011,-0.001871617621568037,0.047748099594217656,0.007520508975072964
EMP_0167,-0.017256135019082224,-0.027588267992236792,-0.0024332682128360103,0.01142820369515066,-0.008405521375678068,0.002328559726469664,-0.028784269029397947,-0.36826976191367616,-0.024603953385120128,-0.035224081567688095,0.005268453757782123,0.011907158082017444,0.028507743351727302,-0.006410910701907147,0.10281605556533405,-0.000599282089291847
EMP_0168,-0.010294042135584576,-0.008266068420948874,-0.006249893927063528,0.011126429875684045,-0.002667848359307483,-0.03286370704765318,-0.06859053372764705,-0.08685961404829388,-0.031017992452585425,-0.03868982236279316,0.005491485785351695,0.013406196708360775,0.0201454027275328,-0.007283139688849593,-0.18950303003873556,-0.0002030999959007083
EMP_0169,0.029468790709673648,-0.035231400595692824,-0.03776306987382351,0.011019613385833628,-0.010982568858271731,-0.010650135888610811,-0.025912568320772638,-0.19475827062824558,-0.006714024989615381,-0.022884783527410857,0.006084697307342097,0.0141573997021702,-0.11097449284336308,-0.002240095385163385,0.0345313156929874,-0.004469682995470926
EMP_0170,0.025517163578529425,-0.004168703586433601,0.0016335365309649691,-0.08676366305338207,-0.002336852907087471,-0.007784969495480979,-0.02108045664831778,-0.06677888511342611,-0.01438127699451004,-0.026419901657820394,-0.03328665722216661,-0.050706268295339335,0.012391950931056132,-0.00486666452398566,-0.1125965443343507,-0.0006910843166832508
EMP_0171,0.021764766339850552,0.0009597249573046842,0.004864716360336315,0.010738060482461407,-0.0041696961790537905,0.0115002701365709,-0.033602028177165816,-0.20761561832804903,-0.01293668294635235,0.007249045526089441,0.0052909427213346585,0.014886969901280772,0.025584245068536043,-0.007603660635752,-0.2523672099303437,-0.0018631224054814115
EMP_0172,-0.07665945912794037,-0.008625483525791212,0.004048385945711415,-0.14674641525830742,-0.0025551403613640585,-7.584497287439239e-05,0.013719316076011337,-0.07443399804599993,-0.03280293869873025,-0.02732273141673656,-0.038002663249656204,-0.0990241526193354,0.01902278150030141,-0.005003045712788088,0.012095973106766474,4.613925229960219e-05
EMP_0173,0.021211105570949327,-0.00680427347316109,-0.0010151871698508314,-0.04933148147168728,-0.003164633484927938,-0.03916032816774084,-0.04202089991461371,-0.006704473430478356,-0.001478553628661416,-0.006318859493864068,-0.033730295923742555,-0.07252459297753765,-0.05569699412914675,-0.004643210794011723,-0.094772537702772,-0.0011640609171868414
EMP_0174,-0.03626211461032098,-0.006724774572219691,0.0003599758902546136,0.009922616278996283,-0.00416577468300631,-0.04602874864381184,0.061652911907662145,-0.05901489022753784,-0.03727204725363109,-0.018067523108040377,0.009063606376540972,0.02344387619931972,-0.11216428102587733,-0.0031899099273035364,-0.04324618888712184,-0.015626010822336583
EMP_0175,-0.0729367714745553,-0.04787849762833525,-0.0076773279306442945,0.01286488548912407,0.00026421767483760807,-0.011225737957895512,-0.022590726784508432,-0.12593647090143642,-0.019818075965133145,-0.06471466625481676,-0.027558042303132687,-0.0009999816287103416,0.03647575424540714,-0.004573390983055143,0.07829362636146561,0.010691928932955133
EMP_0176,-0.03792857459334302,-0.013081951089173524,-0.003624283630521595,0.011435431593384615,-0.009121202385501294,-0.0020641388306688094,-0.00147378682240191,-0.1601174119870289,-0.04204756377858443,-0.03943481611272051,0.006744342672532057,0.01139738412132559,-0.12532382224354605,-0.003883599063028997,0.01696442007171971,-0.0007597050308765559
EMP_0177,-0.02424929663479921,-0.003605864996589218,0.005145796594490318,-0.037688656450783876,-0.002507545192504824,0.0030142146839514843,0.015117875008543965,-0.21465211270413698,-0.018366902097229916,-0.003336578386218602,-0.021019496769114066,-0.06467904157955992,0.00888521971568532,-0.005336946017489644,-0.10321111982956921,-0.0008288224531094492
EMP_0178,-0.08058573180322572,-0.014956449679381738,-0.003275903343392638,-0.07540388940184502,-0.001538093001223085,0.010010112816581453,-0.013970260166978346,0.13506788937447195,-0.039342176218325635,-0.01613769783731082,-0.06152826513805449,-0.03136704202326887,0.0210523428064291,-0.004049262840501859,-0.15449773947079837,-0.0017971111816094446
EMP_0179,-0.05235174615564652,-0.035696229038086176,0.006956924116738685,0.0004612024591095411,0.02518600464485684,-0.01149629583651254,-0.015067674211362398,-0.24449392486553226,-0.027818853308137714,-0.03540321079589159,0.005267796947123083,0.015090219343002042,-0.0004985090024423937,-0.00622249944881229,-0.04924815905347402,0.003015677096634563
EMP_0180,-0.028772880543072584,0.010029791306356568,-0.02316102762962367,0.0072871946928133105,-0.0034233941022898118,0.016642986083880817,-0.01230878347174366,-0.22627097739059898,-0.0012006639005655226,-0.009655288141491074,0.004362792884336027,-0.005230698308804192,0.020800417091770475,-0.004425537556468462,-0.16277904174209687,0.0007858336191634974
EMP_0181,0.03239971015484669,-0.023414545153860912,-0.00486110989735278,0.012376139037099212,-0.009373414011516548,-0.009892007257849117,-0.027189933751410565,-0.3936487582901435,-0.00715948739993393,-0.011593370709822746,0.005246406350450327,0.013436507187567035,0.06062765411059161,-0.006237585853106304,0.028337907506991295,-0.0013733891309833288
EMP_0182,-0.013770457587388716,-0.029738549033360526,0.011831712813581762,0.011020225740315776,0.01533468098616835,-0.0103501087050422,-0.004918212133150295,-0.11405246193277624,-0.015514697330856394,-0.024873565883821305,-0.014781783785501991,-0.09617666514423158,0.007559633470475322,-0.006808582914188853,-0.1628222316793018,0.005741786010645177
EMP_0183,-0.03267134933990038,0.0008296653171283476,-0.014881394866983325,-0.05220855618928146,-0.004163947819066026,-0.003485455755978961,-0.029102486764615482,-0.07709059049119743,-0.009012648603076167,-0.0017577079007303944,-0.03171530690243332,-0.08156790066811884,-0.07130059323256757,-0.002983544619585252,-0.04377834449365593,-0.0024291147783714073
EMP_0184,-0.03736368103508161,-0.007580953963598751,-0.0005696290607599083,0.009097866345426224,-0.0026522936969493693,-0.029756608279000656,-0.026829236868465542,-0.1323747527362804,-0.02977505630534973,-0.010693562917742276,0.005810767436255119,0.013667495551842547,0.022953613646998015,-0.008383629383878217,-0.2393555477392402,0.0014859318973910554
EMP_0185,-0.01943859091633242,-0.012661173579344733,1.0906058778568703e-05,0.010218793560235351,-0.004662450386749091,0.012613339962985963,-0.06073438385480837,-0.2566279293769028,-0.011255247586619261,-0.0029063132167491262,-0.01863815823521042,-0.08205103869949865,0.017053115780500318,-0.005990275837009534,-0.03663322029127505,-0.0006166504904344479
EMP_0186,-0.02680599717665823,-0.004005867867094037,0.0017738808085631364,0.008453127514800157,-0.004705872669804796,0.006147282841307152,-0.005819410469644218,-0.35826770300546734,-0.012089599587156724,-0.004721304897034618,0.005939009615618618,-0.01152848653798045,0.02832586046790526,-0.005368662158088367,-0.03986803563217415,0.0002225016444747475
EMP_0187,-0.0730660872215865,-0.022702251352362975,-0.03737837943387622,0.015922901919059797,-0.003849857665112367,-0.006827966261666743,-0.044607728638467715,-0.12339271788639859,-0.04127792219089035,-0.028785633069116887,0.00821484394276111,0.01790971570989292,0.03650250765712747,-0.00560295795992321,0.04135705236638724,0.0002652029757392372
EMP_0188,-0.032198669016754666,-0.00615865027983053,-0.02766998596752307,0.009983559470438738,-0.007400044345637404,0.00819165198117025,0.004102580899256459,-0.22208110919382357,-0.028996606748620955,0.006965301292887743,0.00612871923978172,0.014316606067163767,-0.12626574360116732,0.030127563222976602,-0.03961226799607525,-0.0017521821326758548
EMP_0189,-0.044204011336295986,-0.008319865952399391,-0.01243632407960086,-0.034633506143851106,-0.003683514743982666,-0.035403083408404985,-0.0249826953799979,-0.061410146482831225,-0.016790155497741977,-0.002697193717014077,0.003724458443964111,0.013553318542277417,-0.05753704276844706,-0.004598265578697836,-0.10199396863310994,0.009092719627700113
EMP_0190,-0.09096161439435423,-0.008465805269951783,0.005221605219680517,-0.1557714488079889,-0.0013843145905649713,0.011421536462970177,-0.05684962524353499,0.17078360055274805,-0.029644072589782775,-0.019895529284859065,-0.05013194921989722,-0.12184391538710584,0.02577225529087766,-0.006387963045815696,-0.047944076618380724,-0.0012379601824737086
EMP_0191,-0.009401669375928881,-0.0019548896432361827,0.0024645528233838854,0.014819926479497477,-0.004247888923265555,0.030722231643024858,0.07345901217898698,-0.06781960571832756,-0.006543926377869361,-0.01876284479830285,-0.021436129243350917,-0.09289192303176085,-0.08271445118901102,-0.0042235907941823815,-0.030692804289343078,0.0019047231512523066
EMP_0192,-0.0032060416685682058,-0.015474335812851694,-0.030717613649365937,0.013954547228853274,-0.004002266878684999,-0.05243300630316778,-0.006557582293641832,-0.22738261410387325,-0.018568736654248137,0.002489585853085609,0.008178892767270103,0.01574689868711617,0.08576029075445175,-0.005103701023993325,-0.05578682819039713,0.000783234179581779
EMP_0193,-0.03189305065872816,-0.012045264766281696,-0.0005041454571842196,0.008141341522839522,-0.005111717890588658,-0.015204933080305957,0.006590235327954459,-0.261499015137699,-0.018541875435137706,-0.012769949202664242,-0.014906892039258457,-0.07513519752851985,0.014827831661795195,-0.0061729075535830605,-0.03234850062215493,-0.01574523624891668
EMP_0194,-0.04149755188966867,-0.018716548836353805,-0.01601720767009933,0.008240948219356047,0.035954074826889046,0.00945970966539709,-0.027628614902292816,-0.12985167879637988,-0.021840392583853868,-0.014555981352417046,0.005404912577158293,0.01609663404350015,-0.04729268221003127,-0.0036086594726168846,-0.17125789042845244,0.009791651701431685
EMP_0195,-0.05071447004693096,-0.026435472851684214,-0.0016632365192510944,-0.17074295838496847,-0.00233304911676869,-0.009571974918651815,0.007325590828107744,-0.04312362310072104,-0.01892646246307534,-0.004650710278675195,-0.04761939022119705,-0.05996912989796519,0.03052175948399801,0.018596688135496975,0.003337237347390786,-0.001350075103538296
EMP_0196,-0.009284110513463163,0.004351991299820466,-0.0008576907016144887,0.010150962220300885,-0.004674849388868933,-0.0037463339668651367,-0.061132919275466775,-0.2346742625476554,-0.00981808719704863,-0.019900711787211527,-0.011113706504331392,-0.07724647640306057,0.019884887331767402,-0.007728466779933256,-0.04075696668206343,-0.0007725362127404724
EMP_0197,-0.06409707053777768,-0.015407085117829821,0.0013483855244831977,0.0038963758375138856,-0.00590427499289849,-0.014115628801126018,-0.00894076581412236,-0.3017802613098538,-0.013750305034311915,-0.012462607044830725,0.003717577364331135,-0.01990657240499953,0.03764440224669393,-0.005222697340257084,0.00499311378168183,0.002668136534869839
EMP_0198,0.00977965869410927,-0.0049561561498431845,-0.0005339545457604439,0.00935492079177971,-0.005486475866336196,-0.00292952814439359,-0.044677644350123336,-0.1613700687165041,-0.010588961984654153,-0.004431673720889855,-0.008855028402628154,-0.06732209760012542,-0.05570956851233464,-0.003750942274022999,-0.1195621700231199,-0.0012795863035867476
EMP_0199,-0.03258337059462982,-0.01703321880460645,0.0007427365494849026,0.014549492006760043,-0.004152460468826354,-0.02626081660229291,-0.0404448688681584,0.08337506287317328,-0.02704158454530146,-0.03431071289425684,0.008185146816247416,0.011198183913896442,-0.0946598481151368,-0.00351389312814812,-0.16497022028242453,-0.00039890496421429153
EMP_0200,-0.0540214908491732,-0.005237652065026114,-0.02819977505226759,0.012752079046878641,-0.007279950311300258,-0.0431555140857491,-0.009040635214408824,-0.06620051758234696,-0.01645126725082521,0.013059422233634179,0.00962224403607931,0.020323277509043954,-0.13097134894003792,-0.003041200862840149,0.04016475713032881,0.00035829514957651785
EMP_0201,-0.07820322541779172,-0.008182662840442856,-0.0038565054475230153,-0.18755315180095997,-0.0029108513832032602,0.018339314840673734,-0.010207641869297688,0.10981356480915508,-0.025781605375148724,0.000904585786995709,-0.06731485193143533,-0.007265071915970631,-0.08662935267071477,-0.002943860468791759,-0.04932712661384319,-0.0012008348101352872
EMP_0202,-0.03129603898008864,-0.004469290871104164,-0.00764616751272116,-0.11875706255074894,-0.005174339838914364,-0.034948578393796975,-0.013816010416182392,-0.023371045465161777,0.004740056944210003,-0.002743512396113472,-0.057142731351771836,-0.018213799146442805,-0.07082512099257722,-0.0024972641654310785,-0.003013203591172641,-0.003145168380415964
EMP_0203,-0.03264979246130813,-0.01037068529161521,0.0029357715768991177,0.009239691007029819,-0.004566365541407072,0.005407929844945419,-0.038218082446015086,-0.11574197217209613,-0.028196339163912926,-0.009301526228462583,0.005685523882087616,0.012722049587638647,-0.09035689433897777,-0.004333985001557746,-0.17246863914234925,-0.002105961219332328
EMP_0204,-0.039554604220309576,-0.006908307244321964,0.0004815639612427622,0.00753675109723422,-0.004178653805243922,0.014432171060729342,-0.04143408735246659,-0.11037729850692424,-0.005584407167127402,0.0027683967405339556,0.0057705093824368565,0.011843210637445504,-0.08203539041778245,-0.00424726725201969,-0.1655764937795181,-0.0002553702423421843
EMP_0205,-0.025596414968540416,-0.0010820097759357487,-0.023462825613016207,-0.04907948034517904,-0.0069283111959973585,0.0022340537059399586,-0.014804277545027517,-0.1825302152287753,0.002544275260884516,-0.011850750098853493,-0.019959395566468682,-0.07970382496537513,-0.05262682685018969,-0.004158010907707479,0.009867735761649026,-0.0051829987758407825
EMP_0206,-0.04985723453213355,-0.023301947916288354,0.0031029394067292096,-0.06442920071812587,-0.004562786365727295,0.010136545410087206,-0.009369027124725236,-0.040642570697120683,-0.0322672662944809,-0.0002955862564525059,-0.04067384130199897,-0.0847749524769641,-0.0879046396688673,-0.003859415637105149,0.018257323391454465,-0.00187761632671441
EMP_0207,0.10011080213087431,-0.006373173203928822,-0.016027553620950607,0.013503054098235852,-0.004171768892507277,-0.03562959664009186,-0.014721683218902647,-0.02584777270942333,0.039932773011472335,-0.006896324871863534,0.009123990772742827,0.021119451321885405,-0.05107409192226511,-0.0026583038668893852,-0.08588318425958245,-0.0018258952372392006
